Name,Link,Rating,Reviews
Desert nights Restaurant,https://www.google.com/maps/place/Desert+nights+Restaurant/data=!4m7!3m6!1s0x3f00f7063b3ed75b:0xa6e68b4f542ffa04!8m2!3d30.4018354!4d55.9860475!16s%2Fg%2F11pv9dxpzm!19sChIJW9c-Owb3AD8RBPovVE-L5qY?authuser=0&hl=en&rclk=1,4.5,2.0
نشاط فود سنتر,https://www.google.com/maps/place/%D9%86%D8%B4%D8%A7%D8%B7+%D9%81%D9%88%D8%AF+%D8%B3%D9%86%D8%AA%D8%B1%E2%80%AD/data=!4m7!3m6!1s0x3f00f7aed366e131:0x46281177b855f75b!8m2!3d30.4015133!4d55.9823283!16s%2Fg%2F11pdr7lpsz!19sChIJMeFm0673AD8RW_dVuHcRKEY?authuser=0&hl=en&rclk=1,4.9,11.0
ice cream n,https://www.google.com/maps/place/ice+cream+n/data=!4m7!3m6!1s0x3f00f750e0b2849d:0x68eaa2c7424ca7c5!8m2!3d30.3886458!4d55.9957957!16s%2Fg%2F11gnp4ppzy!19sChIJnYSy4FD3AD8RxadMQsei6mg?authuser=0&hl=en&rclk=1,5.0,1.0
رستوران آب و آتش,https://www.google.com/maps/place/%D8%B1%D8%B3%D8%AA%D9%88%D8%B1%D8%A7%D9%86+%D8%A2%D8%A8+%D9%88+%D8%A2%D8%AA%D8%B4%E2%80%AD/data=!4m7!3m6!1s0x3f00f77c43489263:0xe60fb3a91541b1b5!8m2!3d30.3943748!4d55.971499!16s%2Fg%2F11h4nkpgr5!19sChIJY5JIQ3z3AD8RtbFBFamzD-Y?authuser=0&hl=en&rclk=1,No Rating,No Reviews
Khaghani Traditional Restaurant,https://www.google.com/maps/place/Khaghani+Traditional+Restaurant/data=!4m7!3m6!1s0x3f00f72e033ce0e5:0xb17eded8aa514611!8m2!3d30.4068852!4d55.9913368!16s%2Fg%2F11cs3jfj_y!19sChIJ5eA8Ay73AD8REUZRqtjefrE?authuser=0&hl=en&rclk=1,3.7,3.0
رستوران امیر,https://www.google.com/maps/place/%D8%B1%D8%B3%D8%AA%D9%88%D8%B1%D8%A7%D9%86+%D8%A7%D9%85%DB%8C%D8%B1%E2%80%AD/data=!4m7!3m6!1s0x3f00f7c5133b2ea1:0xb06e53e6ebc878f!8m2!3d30.3803135!4d55.9758088!16s%2Fg%2F11vkdy03cn!19sChIJoS47E8X3AD8Rj4e8bj7lBgs?authuser=0&hl=en&rclk=1,No Rating,No Reviews
رستوران سنتی شمعدونی,https://www.google.com/maps/place/%D8%B1%D8%B3%D8%AA%D9%88%D8%B1%D8%A7%D9%86+%D8%B3%D9%86%D8%AA%DB%8C+%D8%B4%D9%85%D8%B9%D8%AF%D9%88%D9%86%DB%8C%E2%80%AD/data=!4m7!3m6!1s0x3f00f706ca5e54db:0x7f0297ad3e43bdb6!8m2!3d30.4045643!4d55.9774165!16s%2Fg%2F11j09yltmd!19sChIJ21Reygb3AD8Rtr1DPq2XAn8?authuser=0&hl=en&rclk=1,5.0,1.0
Gym food,https://www.google.com/maps/place/Gym+food/data=!4m7!3m6!1s0x3f00f74c9f7762c5:0x36646ef36f2e9baf!8m2!3d30.3972851!4d55.996209!16s%2Fg%2F11tkbr152p!19sChIJxWJ3n0z3AD8Rr5sub_NuZDY?authuser=0&hl=en&rclk=1,4.0,2.0
باباطاهر,https://www.google.com/maps/place/%D8%A8%D8%A7%D8%A8%D8%A7%D8%B7%D8%A7%D9%87%D8%B1%E2%80%AD/data=!4m7!3m6!1s0x3f00f7f526433a81:0x4c1ccf30c72a3ec4!8m2!3d30.4002336!4d55.9804165!16s%2Fg%2F11sffptnq0!19sChIJgTpDJvX3AD8RxD4qxzDPHEw?authuser=0&hl=en&rclk=1,No Rating,No Reviews
Lux Talaei Restaurant,https://www.google.com/maps/place/Lux+Talaei+Restaurant/data=!4m7!3m6!1s0x3f00f694f251d2f5:0x18e456e4256a4236!8m2!3d30.3781335!4d55.9558954!16s%2Fg%2F11fltj8523!19sChIJ9dJR8pT2AD8RNkJqJeRW5Bg?authuser=0&hl=en&rclk=1,4.0,40.0
کبابکده سنتی مَن,https://www.google.com/maps/place/%DA%A9%D8%A8%D8%A7%D8%A8%DA%A9%D8%AF%D9%87+%D8%B3%D9%86%D8%AA%DB%8C+%D9%85%D9%8E%D9%86%E2%80%AD/data=!4m7!3m6!1s0x3f00f70036010fbf:0xf105f9f144f69aec!8m2!3d30.3913268!4d56.0072135!16s%2Fg%2F11vq0zk9k5!19sChIJvw8BNgD3AD8R7Jr2RPH5BfE?authuser=0&hl=en&rclk=1,5.0,1.0
Cafepizza ghorob,https://www.google.com/maps/place/Cafepizza+ghorob/data=!4m7!3m6!1s0x3f00f7a4f007473b:0xdde47b8aaeed8731!8m2!3d30.4024728!4d55.9865947!16s%2Fg%2F11q2qtkwtr!19sChIJO0cH8KT3AD8RMYftrop75N0?authuser=0&hl=en&rclk=1,No Rating,No Reviews
Gilani Restaurant,https://www.google.com/maps/place/Gilani+Restaurant/data=!4m7!3m6!1s0x3f00f73904602e1b:0x1defb31d51ba4a16!8m2!3d30.4008619!4d55.999932!16s%2Fg%2F11g69dqddz!19sChIJGy5gBDn3AD8RFkq6UR2z7x0?authuser=0&hl=en&rclk=1,4.1,101.0
صبحانه نشاط,https://www.google.com/maps/place/%D8%B5%D8%A8%D8%AD%D8%A7%D9%86%D9%87+%D9%86%D8%B4%D8%A7%D8%B7%E2%80%AD/data=!4m7!3m6!1s0x3f00f7007c027063:0x4ee96e1625f4a13d!8m2!3d30.39386!4d55.993693!16s%2Fg%2F11vrtvhcqz!19sChIJY3ACfAD3AD8RPaH0JRZu6U4?authuser=0&hl=en&rclk=1,No Rating,No Reviews
Tavakol Traditional Restaurant,https://www.google.com/maps/place/Tavakol+Traditional+Restaurant/data=!4m7!3m6!1s0x3f00f72dc9c298c1:0x29e731a7e14943cb!8m2!3d30.4079222!4d55.9892611!16s%2Fg%2F11r8hqpx1!19sChIJwZjCyS33AD8Ry0NJ4acx5yk?authuser=0&hl=en&rclk=1,No Rating,No Reviews
غذای بیرون بر تک ستاره شیراز,https://www.google.com/maps/place/%D8%BA%D8%B0%D8%A7%DB%8C+%D8%A8%DB%8C%D8%B1%D9%88%D9%86+%D8%A8%D8%B1+%D8%AA%DA%A9+%D8%B3%D8%AA%D8%A7%D8%B1%D9%87+%D8%B4%DB%8C%D8%B1%D8%A7%D8%B2%E2%80%AD/data=!4m7!3m6!1s0x3f00f79e10f5d035:0x9e3dd790462f19f6!8m2!3d30.4044771!4d55.9866858!16s%2Fg%2F11tns60c_s!19sChIJNdD1EJ73AD8R9hkvRpDXPZ4?authuser=0&hl=en&rclk=1,5.0,3.0
Nozhan Fast Food,https://www.google.com/maps/place/Nozhan+Fast+Food/data=!4m7!3m6!1s0x3f00f769731b44b7:0xe43a0177aacd173e!8m2!3d30.4044959!4d55.9935332!16s%2Fg%2F11gy6395rs!19sChIJt0Qbc2n3AD8RPhfNqncBOuQ?authuser=0&hl=en&rclk=1,4.2,11.0
رستوران شب های کویر (علی تاج),https://www.google.com/maps/place/%D8%B1%D8%B3%D8%AA%D9%88%D8%B1%D8%A7%D9%86+%D8%B4%D8%A8+%D9%87%D8%A7%DB%8C+%DA%A9%D9%88%DB%8C%D8%B1+%28%D8%B9%D9%84%DB%8C+%D8%AA%D8%A7%D8%AC%29%E2%80%AD/data=!4m7!3m6!1s0x3f00f7d0e7b671ad:0x101f5291d49c1587!8m2!3d30.4018594!4d55.9860539!16s%2Fg%2F11tg76jl3l!19sChIJrXG259D3AD8RhxWc1JFSHxA?authuser=0&hl=en&rclk=1,3.3,7.0
رستوران کاکو شیرازی,https://www.google.com/maps/place/%D8%B1%D8%B3%D8%AA%D9%88%D8%B1%D8%A7%D9%86+%DA%A9%D8%A7%DA%A9%D9%88+%D8%B4%DB%8C%D8%B1%D8%A7%D8%B2%DB%8C%E2%80%AD/data=!4m7!3m6!1s0x3f00f7184798e143:0xe07499e12adc707d!8m2!3d30.3958467!4d55.9744849!16s%2Fg%2F11h_z7ts65!19sChIJQ-GYRxj3AD8RfXDcKuGZdOA?authuser=0&hl=en&rclk=1,4.3,3.0
Baharestan Restaurant,https://www.google.com/maps/place/Baharestan+Restaurant/data=!4m7!3m6!1s0x3f00f6d7ecb598e5:0xef5b828b3ed41252!8m2!3d30.3996249!4d55.9790372!16s%2Fg%2F11c6080x3c!19sChIJ5Zi17Nf2AD8RUhLUPouCW-8?authuser=0&hl=en&rclk=1,No Rating,No Reviews
رستوران کیافود,https://www.google.com/maps/place/%D8%B1%D8%B3%D8%AA%D9%88%D8%B1%D8%A7%D9%86+%DA%A9%DB%8C%D8%A7%D9%81%D9%88%D8%AF%E2%80%AD/data=!4m7!3m6!1s0x3f00f70017a03c61:0xf69a67e81c0b44aa!8m2!3d30.3894954!4d55.995684!16s%2Fg%2F11vqhdxltf!19sChIJYTygFwD3AD8RqkQLHOhnmvY?authuser=0&hl=en&rclk=1,5.0,3.0
Fastfood Piano,https://www.google.com/maps/place/Fastfood+Piano/data=!4m7!3m6!1s0x3f00f700632a3259:0x7a05afba3cd091b4!8m2!3d30.4046616!4d55.9782411!16s%2Fg%2F11lv54mfcw!19sChIJWTIqYwD3AD8RtJHQPLqvBXo?authuser=0&hl=en&rclk=1,5.0,1.0
زرین مشرق زمین,https://www.google.com/maps/place/%D8%B2%D8%B1%DB%8C%D9%86+%D9%85%D8%B4%D8%B1%D9%82+%D8%B2%D9%85%DB%8C%D9%86%E2%80%AD/data=!4m7!3m6!1s0x3f00f71f03ac100b:0xe95b1b9ec6e22f1e!8m2!3d30.3949981!4d56.0056791!16s%2Fg%2F11h7cq6ypx!19sChIJCxCsAx_3AD8RHi_ixp4bW-k?authuser=0&hl=en&rclk=1,4.0,25.0
اغذیه بهروز,https://www.google.com/maps/place/%D8%A7%D8%BA%D8%B0%DB%8C%D9%87+%D8%A8%D9%87%D8%B1%D9%88%D8%B2%E2%80%AD/data=!4m7!3m6!1s0x3f00f700090c6cc5:0x60ed6fee5874cb3d!8m2!3d30.3892537!4d55.9800876!16s%2Fg%2F11wtwswbk7!19sChIJxWwMCQD3AD8RPct0WO5v7WA?authuser=0&hl=en&rclk=1,No Rating,No Reviews
Behnoosh sandwich,https://www.google.com/maps/place/Behnoosh+sandwich/data=!4m7!3m6!1s0x3f00f7a73e148af3:0x5326f3eecef3f7fd!8m2!3d30.3922265!4d55.9983242!16s%2Fg%2F11fj2mkl3w!19sChIJ84oUPqf3AD8R_ffzzu7zJlM?authuser=0&hl=en&rclk=1,No Rating,No Reviews
نان داغ کباب داغ ریحون,https://www.google.com/maps/place/%D9%86%D8%A7%D9%86+%D8%AF%D8%A7%D8%BA+%DA%A9%D8%A8%D8%A7%D8%A8+%D8%AF%D8%A7%D8%BA+%D8%B1%DB%8C%D8%AD%D9%88%D9%86%E2%80%AD/data=!4m7!3m6!1s0x3f00f1b9f4b3b0d5:0x1843240860a71a10!8m2!3d30.4177794!4d56.0055347!16s%2Fg%2F11j8h9fgm6!19sChIJ1bCz9LnxAD8REBqnYAgkQxg?authuser=0&hl=en&rclk=1,No Rating,No Reviews
پیتزا جردن رفسنجان,https://www.google.com/maps/place/%D9%BE%DB%8C%D8%AA%D8%B2%D8%A7+%D8%AC%D8%B1%D8%AF%D9%86+%D8%B1%D9%81%D8%B3%D9%86%D8%AC%D8%A7%D9%86%E2%80%AD/data=!4m7!3m6!1s0x3f00f7000f9a5071:0xcc4305bbd07e07be!8m2!3d30.4069092!4d56.004833!16s%2Fg%2F11wq023xqj!19sChIJcVCaDwD3AD8Rvgd-0LsFQ8w?authuser=0&hl=en&rclk=1,5.0,1.0
Karen Restaurant,https://www.google.com/maps/place/Karen+Restaurant/data=!4m7!3m6!1s0x3f00f723871b7a6b:0x4eb35c3c6a2f469b!8m2!3d30.3962282!4d55.9882077!16s%2Fg%2F11fzvh7g4m!19sChIJa3obhyP3AD8Rm0Yvajxcs04?authuser=0&hl=en&rclk=1,4.1,16.0
Shahrzad Restaurant,https://www.google.com/maps/place/Shahrzad+Restaurant/data=!4m7!3m6!1s0x3f00f739fe593119:0xe331c67a193cb3c3!8m2!3d30.4040043!4d55.9972719!16s%2Fg%2F11cr__lqyk!19sChIJGTFZ_jn3AD8Rw7M8GXrGMeM?authuser=0&hl=en&rclk=1,No Rating,No Reviews
Zireh Pizza & Crispy chicken,https://www.google.com/maps/place/Zireh+Pizza+%26+Crispy+chicken/data=!4m7!3m6!1s0x3f00f128d9c1159d:0x73f53074e89232c4!8m2!3d30.415715!4d55.9755578!16s%2Fg%2F11f1vty0mm!19sChIJnRXB2SjxAD8RxDKS6HQw9XM?authuser=0&hl=en&rclk=1,No Rating,No Reviews
Mostafa Kalbadinejad's chain restaurant - Akbar Joojeh,https://www.google.com/maps/place/Mostafa+Kalbadinejad%27s+chain+restaurant+-+Akbar+Joojeh/data=!4m7!3m6!1s0x3f00f762fa06f619:0x697d4d531efae899!8m2!3d30.3864059!4d55.9595764!16s%2Fg%2F11rvdc5kzj!19sChIJGfYG-mL3AD8Rmej6HlNNfWk?authuser=0&hl=en&rclk=1,3.7,15.0
کافه رستوران سنتی بینام,https://www.google.com/maps/place/%DA%A9%D8%A7%D9%81%D9%87+%D8%B1%D8%B3%D8%AA%D9%88%D8%B1%D8%A7%D9%86+%D8%B3%D9%86%D8%AA%DB%8C+%D8%A8%DB%8C%D9%86%D8%A7%D9%85%E2%80%AD/data=!4m7!3m6!1s0x3f00f120797463d1:0xe6ff2aa4e00fc4b6!8m2!3d30.422523!4d55.9774566!16s%2Fg%2F11rc9yx3f1!19sChIJ0WN0eSDxAD8RtsQP4KQq_-Y?authuser=0&hl=en&rclk=1,No Rating,No Reviews
تالار تشریفات کاخ,https://www.google.com/maps/place/%D8%AA%D8%A7%D9%84%D8%A7%D8%B1+%D8%AA%D8%B4%D8%B1%DB%8C%D9%81%D8%A7%D8%AA+%DA%A9%D8%A7%D8%AE%E2%80%AD/data=!4m7!3m6!1s0x3f00f58988dc9cd9:0x81410e5166da23c3!8m2!3d30.3789544!4d55.919122!16s%2Fg%2F11ljr68gdh!19sChIJ2ZzciIn1AD8RwyPaZlEOQYE?authuser=0&hl=en&rclk=1,No Rating,No Reviews
Koohsar Restaurant,https://www.google.com/maps/place/Koohsar+Restaurant/data=!4m7!3m6!1s0x3f00f0d80ad7d763:0xc05523ae85528ed2!8m2!3d30.4207664!4d55.9805905!16s%2Fg%2F11g6tzvjnh!19sChIJY9fXCtjwAD8R0o5Sha4jVcA?authuser=0&hl=en&rclk=1,No Rating,No Reviews
چلو کباب بناب اسماعیلی,https://www.google.com/maps/place/%DA%86%D9%84%D9%88+%DA%A9%D8%A8%D8%A7%D8%A8+%D8%A8%D9%86%D8%A7%D8%A8+%D8%A7%D8%B3%D9%85%D8%A7%D8%B9%DB%8C%D9%84%DB%8C%E2%80%AD/data=!4m7!3m6!1s0x3f00f11203058195:0x586a9c115d23027e!8m2!3d30.418106!4d55.9839415!16s%2Fg%2F11f9wkgvr6!19sChIJlYEFAxLxAD8RfgIjXRGcalg?authuser=0&hl=en&rclk=1,No Rating,No Reviews
Melon Pizza,https://www.google.com/maps/place/Melon+Pizza/data=!4m7!3m6!1s0x3f00f776b658eec1:0x64a2bb5ba45904c3!8m2!3d30.3818826!4d56.0095041!16s%2Fg%2F11c53sb3cb!19sChIJwe5Ytnb3AD8RwwRZpFu7omQ?authuser=0&hl=en&rclk=1,4.1,7.0
رستوران تهچین,https://www.google.com/maps/place/%D8%B1%D8%B3%D8%AA%D9%88%D8%B1%D8%A7%D9%86+%D8%AA%D9%87%DA%86%DB%8C%D9%86%E2%80%AD/data=!4m7!3m6!1s0x3f00f77916d47951:0x79fc0c668b6ceaa4!8m2!3d30.39194!4d56.0115259!16s%2Fg%2F11f799j4mr!19sChIJUXnUFnn3AD8RpOpsi2YM_Hk?authuser=0&hl=en&rclk=1,4.0,5.0
سوخاری مستر چیکو (Mr. Chiko),https://www.google.com/maps/place/%D8%B3%D9%88%D8%AE%D8%A7%D8%B1%DB%8C+%D9%85%D8%B3%D8%AA%D8%B1+%DA%86%DB%8C%DA%A9%D9%88+%28Mr.+Chiko%29%E2%80%AD/data=!4m7!3m6!1s0x3f00f7006d8216b9:0xc3f92f6254a04a88!8m2!3d30.4047451!4d55.9933656!16s%2Fg%2F11wp4kks70!19sChIJuRaCbQD3AD8RiEqgVGIv-cM?authuser=0&hl=en&rclk=1,5.0,2.0
ساندویچ فلافل ناخدا ابوعلی,https://www.google.com/maps/place/%D8%B3%D8%A7%D9%86%D8%AF%D9%88%DB%8C%DA%86+%D9%81%D9%84%D8%A7%D9%81%D9%84+%D9%86%D8%A7%D8%AE%D8%AF%D8%A7+%D8%A7%D8%A8%D9%88%D8%B9%D9%84%DB%8C%E2%80%AD/data=!4m7!3m6!1s0x3f00f70041fcc41d:0xdd24ae0de6897a0d!8m2!3d30.4043722!4d55.9959694!16s%2Fg%2F11vzbj97_0!19sChIJHcT8QQD3AD8RDXqJ5g2uJN0?authuser=0&hl=en&rclk=1,No Rating,No Reviews
پیتزا رز,https://www.google.com/maps/place/%D9%BE%DB%8C%D8%AA%D8%B2%D8%A7+%D8%B1%D8%B2%E2%80%AD/data=!4m7!3m6!1s0x3f00f1128420d83d:0xee126ee881c7a122!8m2!3d30.4176519!4d55.983238!16s%2Fg%2F11t_zx4zbx!19sChIJPdgghBLxAD8RIqHHgehuEu4?authuser=0&hl=en&rclk=1,5.0,1.0
فست فود آسمان,https://www.google.com/maps/place/%D9%81%D8%B3%D8%AA+%D9%81%D9%88%D8%AF+%D8%A2%D8%B3%D9%85%D8%A7%D9%86%E2%80%AD/data=!4m7!3m6!1s0x3f00f7dd429594b5:0xe3b1fc9b6d8eb549!8m2!3d30.3963126!4d55.9750692!16s%2Fg%2F11vc1y2p4l!19sChIJtZSVQt33AD8RSbWObZv8seM?authuser=0&hl=en&rclk=1,5.0,1.0
رستوران و بیرون بر شبدیز,https://www.google.com/maps/place/%D8%B1%D8%B3%D8%AA%D9%88%D8%B1%D8%A7%D9%86+%D9%88+%D8%A8%DB%8C%D8%B1%D9%88%D9%86+%D8%A8%D8%B1+%D8%B4%D8%A8%D8%AF%DB%8C%D8%B2%E2%80%AD/data=!4m7!3m6!1s0x3f00f70024896e65:0x5e7608cf178d1940!8m2!3d30.4038989!4d55.9863294!16s%2Fg%2F11wtxh7b89!19sChIJZW6JJAD3AD8RQBmNF88Idl4?authuser=0&hl=en&rclk=1,No Rating,No Reviews
فست فود مکس,https://www.google.com/maps/place/%D9%81%D8%B3%D8%AA+%D9%81%D9%88%D8%AF+%D9%85%DA%A9%D8%B3%E2%80%AD/data=!4m7!3m6!1s0x3f00f7812a0185c7:0x88d67859d9962830!8m2!3d30.4082092!4d55.9929763!16s%2Fg%2F11fs5db98q!19sChIJx4UBKoH3AD8RMCiW2Vl41og?authuser=0&hl=en&rclk=1,No Rating,No Reviews
Shakeri kebab shop,https://www.google.com/maps/place/Shakeri+kebab+shop/data=!4m7!3m6!1s0x3f00f7326e51010f:0xc0bad75fd094aa76!8m2!3d30.4094241!4d55.9924484!16s%2Fg%2F11dxkywb21!19sChIJDwFRbjL3AD8RdqqU0F_XusA?authuser=0&hl=en&rclk=1,4.6,5.0
پیتزا آسمان رفسنجان,https://www.google.com/maps/place/%D9%BE%DB%8C%D8%AA%D8%B2%D8%A7+%D8%A2%D8%B3%D9%85%D8%A7%D9%86+%D8%B1%D9%81%D8%B3%D9%86%D8%AC%D8%A7%D9%86%E2%80%AD/data=!4m7!3m6!1s0x3f00f7004001afa7:0xa01dd76e06e7eb8b!8m2!3d30.4038989!4d55.9863294!16s%2Fg%2F11wv2tvrs8!19sChIJp68BQAD3AD8Ri-vnBm7XHaA?authuser=0&hl=en&rclk=1,No Rating,No Reviews
صبحانه و کبابی باباعباس,https://www.google.com/maps/place/%D8%B5%D8%A8%D8%AD%D8%A7%D9%86%D9%87+%D9%88+%DA%A9%D8%A8%D8%A7%D8%A8%DB%8C+%D8%A8%D8%A7%D8%A8%D8%A7%D8%B9%D8%A8%D8%A7%D8%B3%E2%80%AD/data=!4m7!3m6!1s0x3f00f7007d059e47:0x820e329d1aa9fd0b!8m2!3d30.4040106!4d55.9946021!16s%2Fg%2F11vt4nz11c!19sChIJR54FfQD3AD8RC_2pGp0yDoI?authuser=0&hl=en&rclk=1,3.0,1.0
رستوران نخل (کلبه دورهمی),https://www.google.com/maps/place/%D8%B1%D8%B3%D8%AA%D9%88%D8%B1%D8%A7%D9%86+%D9%86%D8%AE%D9%84+%28%DA%A9%D9%84%D8%A8%D9%87+%D8%AF%D9%88%D8%B1%D9%87%D9%85%DB%8C%29%E2%80%AD/data=!4m7!3m6!1s0x3f00f7ee3f472d55:0x3af8a7d6416a76c0!8m2!3d30.3956874!4d55.9956475!16s%2Fg%2F11srgxjd3y!19sChIJVS1HP-73AD8RwHZqQdan-Do?authuser=0&hl=en&rclk=1,3.9,12.0
رستوران سالم,https://www.google.com/maps/place/%D8%B1%D8%B3%D8%AA%D9%88%D8%B1%D8%A7%D9%86+%D8%B3%D8%A7%D9%84%D9%85%E2%80%AD/data=!4m7!3m6!1s0x3f00f763793495e7:0xe440849b9269d1c3!8m2!3d30.3876635!4d55.9621039!16s%2Fg%2F11svvxncg2!19sChIJ55U0eWP3AD8Rw9FpkpuEQOQ?authuser=0&hl=en&rclk=1,No Rating,No Reviews
کبابی دایی ولی,https://www.google.com/maps/place/%DA%A9%D8%A8%D8%A7%D8%A8%DB%8C+%D8%AF%D8%A7%DB%8C%DB%8C+%D9%88%D9%84%DB%8C%E2%80%AD/data=!4m7!3m6!1s0x3f00f12c12c9116f:0xc22672d3ce9871d6!8m2!3d30.4115934!4d55.9838944!16s%2Fg%2F11pbc6bg75!19sChIJbxHJEizxAD8R1nGYztNyJsI?authuser=0&hl=en&rclk=1,No Rating,No Reviews
Cafe fastfood plaza,https://www.google.com/maps/place/Cafe+fastfood+plaza/data=!4m7!3m6!1s0x3f00f1af11717665:0xacbbca2b702ffb09!8m2!3d30.4275177!4d55.9729884!16s%2Fg%2F11h6tjp_hc!19sChIJZXZxEa_xAD8RCfsvcCvKu6w?authuser=0&hl=en&rclk=1,3.7,20.0
Golha Restaurant,https://www.google.com/maps/place/Golha+Restaurant/data=!4m7!3m6!1s0x3f00f7144b7e6a0b:0xe753a33bba1c9b33!8m2!3d30.3917387!4d55.9988675!16s%2Fg%2F11bw5_gym3!19sChIJC2p-SxT3AD8RM5scujujU-c?authuser=0&hl=en&rclk=1,3.6,19.0
Venus pizza,https://www.google.com/maps/place/Venus+pizza/data=!4m7!3m6!1s0x3f00f78b9087d67f:0xf4b530fe43a5cd97!8m2!3d30.4118475!4d56.0015342!16s%2Fg%2F11h3vb4mhc!19sChIJf9aHkIv3AD8Rl82lQ_4wtfQ?authuser=0&hl=en&rclk=1,4.4,5.0
Grilled lamb Sofia,https://www.google.com/maps/place/Grilled+lamb+Sofia/data=!4m7!3m6!1s0x3f00f715b4ba0247:0x6695563544578797!8m2!3d30.3918702!4d55.9987297!16s%2Fg%2F11dxdcn4sc!19sChIJRwK6tBX3AD8Rl4dXRDVWlWY?authuser=0&hl=en&rclk=1,4.4,14.0
پیتزا جزیره,https://www.google.com/maps/place/%D9%BE%DB%8C%D8%AA%D8%B2%D8%A7+%D8%AC%D8%B2%DB%8C%D8%B1%D9%87%E2%80%AD/data=!4m7!3m6!1s0x3f00f774a16a7e1f:0x909014aa9a811eca!8m2!3d30.3878832!4d56.0055143!16s%2Fg%2F11fgj6vnzv!19sChIJH35qoXT3AD8Ryh6BmqoUkJA?authuser=0&hl=en&rclk=1,4.0,2.0
کافه رستوران تالارمهر,https://www.google.com/maps/place/%DA%A9%D8%A7%D9%81%D9%87+%D8%B1%D8%B3%D8%AA%D9%88%D8%B1%D8%A7%D9%86+%D8%AA%D8%A7%D9%84%D8%A7%D8%B1%D9%85%D9%87%D8%B1%E2%80%AD/data=!4m7!3m6!1s0x3f00f700038bd58b:0x4ee308d4cac3685!8m2!3d30.3806806!4d55.989237!16s%2Fg%2F11lczk20br!19sChIJi9WLAwD3AD8RhTasTI0w7gQ?authuser=0&hl=en&rclk=1,No Rating,No Reviews
کافه آمارو,https://www.google.com/maps/place/%DA%A9%D8%A7%D9%81%D9%87+%D8%A2%D9%85%D8%A7%D8%B1%D9%88%E2%80%AD/data=!4m7!3m6!1s0x3f00f730d482d395:0x46d94821b1178da7!8m2!3d30.3917602!4d55.9987732!16s%2Fg%2F11vl4wqdz5!19sChIJldOC1DD3AD8Rp40XsSFI2UY?authuser=0&hl=en&rclk=1,4.9,12.0
کباب بره حسام,https://www.google.com/maps/place/%DA%A9%D8%A8%D8%A7%D8%A8+%D8%A8%D8%B1%D9%87+%D8%AD%D8%B3%D8%A7%D9%85%E2%80%AD/data=!4m7!3m6!1s0x3f00f7de347ef283:0x4e16c1a578fc0891!8m2!3d30.3821854!4d56.0091497!16s%2Fg%2F11s0690y_r!19sChIJg_J-NN73AD8RkQj8eKXBFk4?authuser=0&hl=en&rclk=1,4.0,2.0
کلبه بانو,https://www.google.com/maps/place/%DA%A9%D9%84%D8%A8%D9%87+%D8%A8%D8%A7%D9%86%D9%88%E2%80%AD/data=!4m7!3m6!1s0x3f00f70056fde527:0x558be6b3408e94de!8m2!3d30.3844932!4d55.9508784!16s%2Fg%2F11wh3mlc_8!19sChIJJ-X9VgD3AD8R3pSOQLPmi1U?authuser=0&hl=en&rclk=1,No Rating,No Reviews
رستوران ما,https://www.google.com/maps/place/%D8%B1%D8%B3%D8%AA%D9%88%D8%B1%D8%A7%D9%86+%D9%85%D8%A7%E2%80%AD/data=!4m7!3m6!1s0x3f00f71347cf22e5:0xff999f34069ba66f!8m2!3d30.3898477!4d55.9987198!16s%2Fg%2F11j1rttwf2!19sChIJ5SLPRxP3AD8Rb6abBjSfmf8?authuser=0&hl=en&rclk=1,No Rating,No Reviews
رستوران نصف جهان,https://www.google.com/maps/place/%D8%B1%D8%B3%D8%AA%D9%88%D8%B1%D8%A7%D9%86+%D9%86%D8%B5%D9%81+%D8%AC%D9%87%D8%A7%D9%86%E2%80%AD/data=!4m7!3m6!1s0x3f00f70010eb891f:0x5855a55bd1cee420!8m2!3d30.4024375!4d55.9842987!16s%2Fg%2F11lzft65_z!19sChIJH4nrEAD3AD8RIOTO0VulVVg?authuser=0&hl=en&rclk=1,No Rating,No Reviews
سوخاری کیلویی قارچ ویچ,https://www.google.com/maps/place/%D8%B3%D9%88%D8%AE%D8%A7%D8%B1%DB%8C+%DA%A9%DB%8C%D9%84%D9%88%DB%8C%DB%8C+%D9%82%D8%A7%D8%B1%DA%86+%D9%88%DB%8C%DA%86%E2%80%AD/data=!4m7!3m6!1s0x3f00f7007edfd7b3:0xfa84b46bb94e5334!8m2!3d30.3910917!4d55.9995532!16s%2Fg%2F11wr0lwbr7!19sChIJs9fffgD3AD8RNFNOuWu0hPo?authuser=0&hl=en&rclk=1,5.0,2.0
سفرخانه‌سنتی‌ ️امام‌رضا ️,https://www.google.com/maps/place/%D8%B3%D9%81%D8%B1%D8%AE%D8%A7%D9%86%D9%87%E2%80%8C%D8%B3%D9%86%D8%AA%DB%8C%E2%80%8C+%EF%B8%8F%D8%A7%D9%85%D8%A7%D9%85%E2%80%8C%D8%B1%D8%B6%D8%A7+%EF%B8%8F%E2%80%AD/data=!4m7!3m6!1s0x3f00f7cfa02ca2e3:0x34be83ca6a26bdfa!8m2!3d30.3842422!4d56.0146518!16s%2Fg%2F11sdp___n0!19sChIJ46IsoM_3AD8R-r0masqDvjQ?authuser=0&hl=en&rclk=1,5.0,1.0
رستوران سنتی سیمرغ,https://www.google.com/maps/place/%D8%B1%D8%B3%D8%AA%D9%88%D8%B1%D8%A7%D9%86+%D8%B3%D9%86%D8%AA%DB%8C+%D8%B3%DB%8C%D9%85%D8%B1%D8%BA%E2%80%AD/data=!4m7!3m6!1s0x3f00f72e033ce6c1:0xa768291cefcaa5ea!8m2!3d30.4068843!4d55.9913364!16s%2Fg%2F11hbv283nb!19sChIJweY8Ay73AD8R6qXK7xwpaKc?authuser=0&hl=en&rclk=1,3.3,4.0
فلافل سرای محمد امین,https://www.google.com/maps/place/%D9%81%D9%84%D8%A7%D9%81%D9%84+%D8%B3%D8%B1%D8%A7%DB%8C+%D9%85%D8%AD%D9%85%D8%AF+%D8%A7%D9%85%DB%8C%D9%86%E2%80%AD/data=!4m7!3m6!1s0x3f00f1002ed4edef:0xeb3e4b3facddb8af!8m2!3d30.4173429!4d56.0029082!16s%2Fg%2F11wjmmk8p5!19sChIJ7-3ULgDxAD8Rr7jdrD9LPus?authuser=0&hl=en&rclk=1,No Rating,No Reviews
رستوران دیزی بار,https://www.google.com/maps/place/%D8%B1%D8%B3%D8%AA%D9%88%D8%B1%D8%A7%D9%86+%D8%AF%DB%8C%D8%B2%DB%8C+%D8%A8%D8%A7%D8%B1%E2%80%AD/data=!4m7!3m6!1s0x3f00f777e50109c3:0xbe58e946bb854a5c!8m2!3d30.3968135!4d55.9827162!16s%2Fg%2F11k4lctdlt!19sChIJwwkB5Xf3AD8RXEqFu0bpWL4?authuser=0&hl=en&rclk=1,No Rating,No Reviews
کافه رستوران سی متری(۳۰ متری),https://www.google.com/maps/place/%DA%A9%D8%A7%D9%81%D9%87+%D8%B1%D8%B3%D8%AA%D9%88%D8%B1%D8%A7%D9%86+%D8%B3%DB%8C+%D9%85%D8%AA%D8%B1%DB%8C%28%DB%B3%DB%B0+%D9%85%D8%AA%D8%B1%DB%8C%29%E2%80%AD/data=!4m7!3m6!1s0x3f00f76832c769f5:0x55f15f0cd7f63187!8m2!3d30.3940998!4d55.9959927!16s%2Fg%2F11v9vsntgl!19sChIJ9WnHMmj3AD8RhzH21wxf8VU?authuser=0&hl=en&rclk=1,No Rating,No Reviews
پیتزا ساندویچ آریانا,https://www.google.com/maps/place/%D9%BE%DB%8C%D8%AA%D8%B2%D8%A7+%D8%B3%D8%A7%D9%86%D8%AF%D9%88%DB%8C%DA%86+%D8%A2%D8%B1%DB%8C%D8%A7%D9%86%D8%A7%E2%80%AD/data=!4m7!3m6!1s0x3f00f75c1dc85289:0x5fdbee6a2143222e!8m2!3d30.3982662!4d55.9773812!16s%2Fg%2F11h3sg92rq!19sChIJiVLIHVz3AD8RLiJDIWru218?authuser=0&hl=en&rclk=1,No Rating,No Reviews
فست فود کاکتوس,https://www.google.com/maps/place/%D9%81%D8%B3%D8%AA+%D9%81%D9%88%D8%AF+%DA%A9%D8%A7%DA%A9%D8%AA%D9%88%D8%B3%E2%80%AD/data=!4m7!3m6!1s0x3f00f7002a438969:0xb4d04768ffa4d80!8m2!3d30.3899044!4d55.9728323!16s%2Fg%2F11wtwyv6dy!19sChIJaYlDKgD3AD8RgE36j3YETQs?authuser=0&hl=en&rclk=1,No Rating,No Reviews
Goltabeh Pizza,https://www.google.com/maps/place/Goltabeh+Pizza/data=!4m7!3m6!1s0x3f00f7138c37b057:0xc63ebece66a80dfe!8m2!3d30.3888377!4d55.9987393!16s%2Fg%2F11cp71tv_s!19sChIJV7A3jBP3AD8R_g2oZs6-PsY?authuser=0&hl=en&rclk=1,3.8,13.0
Konj Golestan Amin,https://www.google.com/maps/place/Konj+Golestan+Amin/data=!4m7!3m6!1s0x3f00f730402e51df:0xccdad8d66eeb9d9f!8m2!3d30.404191!4d55.9930967!16s%2Fg%2F11b_2rt72v!19sChIJ31EuQDD3AD8Rn53rbtbY2sw?authuser=0&hl=en&rclk=1,3.9,10.0
Green Moon Restaurant,https://www.google.com/maps/place/Green+Moon+Restaurant/data=!4m7!3m6!1s0x3f00f71eddf67a7b:0xd3335ddf2d2efd8b!8m2!3d30.3873166!4d55.9845536!16s%2Fg%2F11dxckcp95!19sChIJe3r23R73AD8Ri_0uLd9dM9M?authuser=0&hl=en&rclk=1,No Rating,No Reviews
کافه رستوران من,https://www.google.com/maps/place/%DA%A9%D8%A7%D9%81%D9%87+%D8%B1%D8%B3%D8%AA%D9%88%D8%B1%D8%A7%D9%86+%D9%85%D9%86%E2%80%AD/data=!4m7!3m6!1s0x3f00f7001f3c47c5:0xb76816780dc8133f!8m2!3d30.4038989!4d55.9863294!16s%2Fg%2F11y8fmpvc5!19sChIJxUc8HwD3AD8RPxPIDXgWaLc?authuser=0&hl=en&rclk=1,No Rating,No Reviews
Ashkadeh liro,https://www.google.com/maps/place/Ashkadeh+liro/data=!4m7!3m6!1s0x3f00f195d8139541:0x2e0aede9c569abb4!8m2!3d30.4104004!4d55.9812007!16s%2Fg%2F11q1t7lr7w!19sChIJQZUT2JXxAD8RtKtpxentCi4?authuser=0&hl=en&rclk=1,4.3,3.0
Ajdar Zapata,https://www.google.com/maps/place/Ajdar+Zapata/data=!4m7!3m6!1s0x3f00f7cdd1dc8205:0x9cc5b340b0ba6945!8m2!3d30.40535!4d55.9790216!16s%2Fg%2F11h0p0px2v!19sChIJBYLc0c33AD8RRWm6sECzxZw?authuser=0&hl=en&rclk=1,3.1,12.0
کباب سرای مادر,https://www.google.com/maps/place/%DA%A9%D8%A8%D8%A7%D8%A8+%D8%B3%D8%B1%D8%A7%DB%8C+%D9%85%D8%A7%D8%AF%D8%B1%E2%80%AD/data=!4m7!3m6!1s0x3f00f7000d11588b:0x56c39de5b6f9d6bf!8m2!3d30.3757548!4d56.0149882!16s%2Fg%2F11vr7ywqzj!19sChIJi1gRDQD3AD8Rv9b5tuWdw1Y?authuser=0&hl=en&rclk=1,No Rating,No Reviews
فست فود عرفان,https://www.google.com/maps/place/%D9%81%D8%B3%D8%AA+%D9%81%D9%88%D8%AF+%D8%B9%D8%B1%D9%81%D8%A7%D9%86%E2%80%AD/data=!4m7!3m6!1s0x3f00f700567c6e01:0x28c2da5e7cba752e!8m2!3d30.3941732!4d56.0045535!16s%2Fg%2F11wtxg7km7!19sChIJAW58VgD3AD8RLnW6fF7awig?authuser=0&hl=en&rclk=1,No Rating,No Reviews
نانوائی علی بابا,https://www.google.com/maps/place/%D9%86%D8%A7%D9%86%D9%88%D8%A7%D8%A6%DB%8C+%D8%B9%D9%84%DB%8C+%D8%A8%D8%A7%D8%A8%D8%A7%E2%80%AD/data=!4m7!3m6!1s0x3f00f727671cbaf9:0x54bd97c6f93cfc01!8m2!3d30.4106884!4d56.0048028!16s%2Fg%2F11mngl98jj!19sChIJ-bocZyf3AD8RAfw8-caXvVQ?authuser=0&hl=en&rclk=1,No Rating,No Reviews
پیتزا هایدا,https://www.google.com/maps/place/%D9%BE%DB%8C%D8%AA%D8%B2%D8%A7+%D9%87%D8%A7%DB%8C%D8%AF%D8%A7%E2%80%AD/data=!4m7!3m6!1s0x3f00f1ed0e4778e7:0x70fc825e51d779ad!8m2!3d30.4243069!4d55.9772009!16s%2Fg%2F11kqn86g1v!19sChIJ53hHDu3xAD8RrXnXUV6C_HA?authuser=0&hl=en&rclk=1,No Rating,No Reviews
Yas Food court,https://www.google.com/maps/place/Yas+Food+court/data=!4m7!3m6!1s0x3f00f405dc848d4f:0x34bf6b765485687e!8m2!3d30.3877314!4d55.9264662!16s%2Fg%2F11c1q4tpxz!19sChIJT42E3AX0AD8RfmiFVHZrvzQ?authuser=0&hl=en&rclk=1,4.5,2.0
فست فود کلبه,https://www.google.com/maps/place/%D9%81%D8%B3%D8%AA+%D9%81%D9%88%D8%AF+%DA%A9%D9%84%D8%A8%D9%87%E2%80%AD/data=!4m7!3m6!1s0x3f00f175a2f1bd77:0x202928c153818a15!8m2!3d30.4261465!4d55.9718479!16s%2Fg%2F11h2gfm89k!19sChIJd73xonXxAD8RFYqBU8EoKSA?authuser=0&hl=en&rclk=1,5.0,2.0
چلوکباب سماق,https://www.google.com/maps/place/%DA%86%D9%84%D9%88%DA%A9%D8%A8%D8%A7%D8%A8+%D8%B3%D9%85%D8%A7%D9%82%E2%80%AD/data=!4m7!3m6!1s0x3f00f151fb20c859:0x73dce35e6d826757!8m2!3d30.4240815!4d55.9775661!16s%2Fg%2F11vcxqgkjl!19sChIJWcgg-1HxAD8RV2eCbV7j3HM?authuser=0&hl=en&rclk=1,No Rating,No Reviews
Sirin fast food,https://www.google.com/maps/place/Sirin+fast+food/data=!4m7!3m6!1s0x3f00f7b98d32cf53:0xb259765519d8701b!8m2!3d30.3944439!4d55.9958476!16s%2Fg%2F11tssy4y7n!19sChIJU88yjbn3AD8RG3DYGVV2WbI?authuser=0&hl=en&rclk=1,4.3,6.0
kondez fastfood,https://www.google.com/maps/place/kondez+fastfood/data=!4m7!3m6!1s0x3f00f7462d03b88d:0xe8d4fcf1f703cf20!8m2!3d30.4060914!4d56.005638!16s%2Fg%2F11f3txcwy9!19sChIJjbgDLUb3AD8RIM8D9_H81Og?authuser=0&hl=en&rclk=1,3.3,3.0
ساندویچی هیوا,https://www.google.com/maps/place/%D8%B3%D8%A7%D9%86%D8%AF%D9%88%DB%8C%DA%86%DB%8C+%D9%87%DB%8C%D9%88%D8%A7%E2%80%AD/data=!4m7!3m6!1s0x3f00f79542c3475f:0xfc897598bce298e4!8m2!3d30.4038989!4d55.9863294!16s%2Fg%2F11v0q4hkmp!19sChIJX0fDQpX3AD8R5JjivJh1ifw?authuser=0&hl=en&rclk=1,No Rating,No Reviews
کبابی تیکران,https://www.google.com/maps/place/%DA%A9%D8%A8%D8%A7%D8%A8%DB%8C+%D8%AA%DB%8C%DA%A9%D8%B1%D8%A7%D9%86%E2%80%AD/data=!4m7!3m6!1s0x3f00f76468064643:0xbc5b01feffdc5c5c!8m2!3d30.3879996!4d56.0035808!16s%2Fg%2F11gmwnlmjr!19sChIJQ0YGaGT3AD8RXFzc__4BW7w?authuser=0&hl=en&rclk=1,No Rating,No Reviews
Shams Restaurant,https://www.google.com/maps/place/Shams+Restaurant/data=!4m7!3m6!1s0x3f00f0d6ddfad49f:0xcaaa0054174d6cb3!8m2!3d30.4175948!4d55.9844777!16s%2Fg%2F11d_z3zvx4!19sChIJn9T63dbwAD8Rs2xNF1QAqso?authuser=0&hl=en&rclk=1,No Rating,No Reviews
Khan Daei Restaurant,https://www.google.com/maps/place/Khan+Daei+Restaurant/data=!4m7!3m6!1s0x3f00f14941a1afa7:0x90a40c5e8f813616!8m2!3d30.4177338!4d55.993506!16s%2Fg%2F11fj6kztm2!19sChIJp6-hQUnxAD8RFjaBj14MpJA?authuser=0&hl=en&rclk=1,No Rating,No Reviews
کافه قرمز,https://www.google.com/maps/place/%DA%A9%D8%A7%D9%81%D9%87+%D9%82%D8%B1%D9%85%D8%B2%E2%80%AD/data=!4m7!3m6!1s0x3f00f71cca37f425:0x4b8431e596818ed2!8m2!3d30.4076372!4d55.9807447!16s%2Fg%2F11tg57024h!19sChIJJfQ3yhz3AD8R0o6BluUxhEs?authuser=0&hl=en&rclk=1,4.5,2.0
Zima cafe,https://www.google.com/maps/place/Zima+cafe/data=!4m7!3m6!1s0x3f00f7765c7082b9:0xa417b1f899fd71a7!8m2!3d30.4084787!4d55.9889553!16s%2Fg%2F11p55qsk4f!19sChIJuYJwXHb3AD8Rp3H9mfixF6Q?authuser=0&hl=en&rclk=1,No Rating,No Reviews
کبابی و جگرسرای هزار و یکشب,https://www.google.com/maps/place/%DA%A9%D8%A8%D8%A7%D8%A8%DB%8C+%D9%88+%D8%AC%DA%AF%D8%B1%D8%B3%D8%B1%D8%A7%DB%8C+%D9%87%D8%B2%D8%A7%D8%B1+%D9%88+%DB%8C%DA%A9%D8%B4%D8%A8%E2%80%AD/data=!4m7!3m6!1s0x3f00f757fed5b9a3:0x91ff1ca10fc0a0e8!8m2!3d30.3928396!4d55.9983531!16s%2Fg%2F11l2kznf49!19sChIJo7nV_lf3AD8R6KDAD6Ec_5E?authuser=0&hl=en&rclk=1,No Rating,No Reviews
Olca doner اُلکا دونر,https://www.google.com/maps/place/Olca+doner+%D8%A7%D9%8F%D9%84%DA%A9%D8%A7+%D8%AF%D9%88%D9%86%D8%B1%E2%80%AD/data=!4m7!3m6!1s0x3f00f75eb67a5e3b:0xa5c8d9dce1a68596!8m2!3d30.3951923!4d56.0054479!16s%2Fg%2F11rq957n9r!19sChIJO156tl73AD8RloWm4dzZyKU?authuser=0&hl=en&rclk=1,5.0,3.0
کافه باران,https://www.google.com/maps/place/%DA%A9%D8%A7%D9%81%D9%87+%D8%A8%D8%A7%D8%B1%D8%A7%D9%86%E2%80%AD/data=!4m7!3m6!1s0x3f00f14da893b7c9:0x9e38151453b79218!8m2!3d30.4104192!4d55.9711019!16s%2Fg%2F11kqr8dp0_!19sChIJybeTqE3xAD8RGJK3UxQVOJ4?authuser=0&hl=en&rclk=1,No Rating,No Reviews
Hall and Castle Garden Restaurant Artemis,https://www.google.com/maps/place/Hall+and+Castle+Garden+Restaurant+Artemis/data=!4m7!3m6!1s0x3f00f6ccf1da93e3:0x5d596e80845f6aa0!8m2!3d30.4030682!4d55.9655067!16s%2Fg%2F11g6y_py67!19sChIJ45Pa8cz2AD8RoGpfhIBuWV0?authuser=0&hl=en&rclk=1,No Rating,No Reviews
Chukouch,https://www.google.com/maps/place/Chukouch/data=!4m7!3m6!1s0x3f00f1ed2bf92947:0x40a85936a20564c0!8m2!3d30.4110566!4d55.9790594!16s%2Fg%2F11nyc32bqf!19sChIJRyn5K-3xAD8RwGQFojZZqEA?authuser=0&hl=en&rclk=1,No Rating,No Reviews
کافه تک,https://www.google.com/maps/place/%DA%A9%D8%A7%D9%81%D9%87+%D8%AA%DA%A9%E2%80%AD/data=!4m7!3m6!1s0x3f00f7ca31483f77:0xed8cc03a75e8ddba!8m2!3d30.3897419!4d56.0106622!16s%2Fg%2F11kq_1vvrr!19sChIJdz9IMcr3AD8Rut3odTrAjO0?authuser=0&hl=en&rclk=1,No Rating,No Reviews
کبابی جگرکی آدانا,https://www.google.com/maps/place/%DA%A9%D8%A8%D8%A7%D8%A8%DB%8C+%D8%AC%DA%AF%D8%B1%DA%A9%DB%8C+%D8%A2%D8%AF%D8%A7%D9%86%D8%A7%E2%80%AD/data=!4m7!3m6!1s0x3f00f10040f593df:0xa000e88481ef6f9d!8m2!3d30.4260424!4d55.9715879!16s%2Fg%2F11wxglxvhl!19sChIJ35P1QADxAD8RnW_vgYToAKA?authuser=0&hl=en&rclk=1,No Rating,No Reviews
رستوران وبیرون بر سرو شعبه 3,https://www.google.com/maps/place/%D8%B1%D8%B3%D8%AA%D9%88%D8%B1%D8%A7%D9%86+%D9%88%D8%A8%DB%8C%D8%B1%D9%88%D9%86+%D8%A8%D8%B1+%D8%B3%D8%B1%D9%88+%D8%B4%D8%B9%D8%A8%D9%87+3%E2%80%AD/data=!4m7!3m6!1s0x3f00f78556961673:0x2c2521ced1d56c68!8m2!3d30.3963728!4d55.9750367!16s%2Fg%2F11f5lh8408!19sChIJcxaWVoX3AD8RaGzV0c4hJSw?authuser=0&hl=en&rclk=1,No Rating,No Reviews
مغازه طیبه امینی رنجبر,https://www.google.com/maps/place/%D9%85%D8%BA%D8%A7%D8%B2%D9%87+%D8%B7%DB%8C%D8%A8%D9%87+%D8%A7%D9%85%DB%8C%D9%86%DB%8C+%D8%B1%D9%86%D8%AC%D8%A8%D8%B1%E2%80%AD/data=!4m7!3m6!1s0x3f00f700217cb311:0x281f29a780953497!8m2!3d30.3968135!4d55.9827162!16s%2Fg%2F11ldgwvnv4!19sChIJEbN8IQD3AD8RlzSVgKcpHyg?authuser=0&hl=en&rclk=1,No Rating,No Reviews
خانه برگر,https://www.google.com/maps/place/%D8%AE%D8%A7%D9%86%D9%87+%D8%A8%D8%B1%DA%AF%D8%B1%E2%80%AD/data=!4m7!3m6!1s0x3f00f1b56e57dbdf:0xd134dffa57aa431c!8m2!3d30.4121136!4d55.9803776!16s%2Fg%2F11h4_dfxq0!19sChIJ39tXbrXxAD8RHEOqV_rfNNE?authuser=0&hl=en&rclk=1,No Rating,No Reviews
صبحانه جانانه,https://www.google.com/maps/place/%D8%B5%D8%A8%D8%AD%D8%A7%D9%86%D9%87+%D8%AC%D8%A7%D9%86%D8%A7%D9%86%D9%87%E2%80%AD/data=!4m7!3m6!1s0x3f00f796c66d5fbf:0x6f09b307484397c5!8m2!3d30.3877949!4d56.0053364!16s%2Fg%2F11hd_zw1wp!19sChIJv19txpb3AD8RxZdDSAezCW8?authuser=0&hl=en&rclk=1,No Rating,No Reviews
Tirano Fast Food,https://www.google.com/maps/place/Tirano+Fast+Food/data=!4m7!3m6!1s0x3f00f12656c244d5:0xdac5fc77dc88d7ec!8m2!3d30.4200937!4d55.9740268!16s%2Fg%2F11q1qc4g6k!19sChIJ1UTCVibxAD8R7NeI3Hf8xdo?authuser=0&hl=en&rclk=1,No Rating,No Reviews
شیرینی حاج خانوم شعبه ۳,https://www.google.com/maps/place/%D8%B4%DB%8C%D8%B1%DB%8C%D9%86%DB%8C+%D8%AD%D8%A7%D8%AC+%D8%AE%D8%A7%D9%86%D9%88%D9%85+%D8%B4%D8%B9%D8%A8%D9%87+%DB%B3%E2%80%AD/data=!4m7!3m6!1s0x3f00f7a83aea8fcb:0x8463d9a03f7b42fc!8m2!3d30.3940954!4d55.9710023!16s%2Fg%2F11v10lbs6n!19sChIJy4_qOqj3AD8R_EJ7P6DZY4Q?authuser=0&hl=en&rclk=1,No Rating,No Reviews
رستوران لکسون,https://www.google.com/maps/place/%D8%B1%D8%B3%D8%AA%D9%88%D8%B1%D8%A7%D9%86+%D9%84%DA%A9%D8%B3%D9%88%D9%86%E2%80%AD/data=!4m7!3m6!1s0x3f00f744519e19af:0x117bac67e8f29df6!8m2!3d30.3962045!4d55.9657618!16s%2Fg%2F11q3tjfbbf!19sChIJrxmeUUT3AD8R9p3y6GesexE?authuser=0&hl=en&rclk=1,No Rating,No Reviews
غذا برون بر و آشپزخانه بمانادی,https://www.google.com/maps/place/%D8%BA%D8%B0%D8%A7+%D8%A8%D8%B1%D9%88%D9%86+%D8%A8%D8%B1+%D9%88+%D8%A2%D8%B4%D9%BE%D8%B2%D8%AE%D8%A7%D9%86%D9%87+%D8%A8%D9%85%D8%A7%D9%86%D8%A7%D8%AF%DB%8C%E2%80%AD/data=!4m7!3m6!1s0x3f00f6e4d71b12c5:0x3f0a295dab64010c!8m2!3d30.3768784!4d55.9722062!16s%2Fg%2F11f1272pdv!19sChIJxRIb1-T2AD8RDAFkq10pCj8?authuser=0&hl=en&rclk=1,No Rating,No Reviews
رستوران و ساندویچی نارنج,https://www.google.com/maps/place/%D8%B1%D8%B3%D8%AA%D9%88%D8%B1%D8%A7%D9%86+%D9%88+%D8%B3%D8%A7%D9%86%D8%AF%D9%88%DB%8C%DA%86%DB%8C+%D9%86%D8%A7%D8%B1%D9%86%D8%AC%E2%80%AD/data=!4m7!3m6!1s0x3f00f5005ef7fc49:0xbd94b915c4b3ed22!8m2!3d30.3678966!4d55.929987!16s%2Fg%2F11lnwwwclr!19sChIJSfz3XgD1AD8RIu2zxBW5lL0?authuser=0&hl=en&rclk=1,No Rating,No Reviews
Tabeta Pizza,https://www.google.com/maps/place/Tabeta+Pizza/data=!4m7!3m6!1s0x3f00f71454187bcf:0xa01acf5f372088ef!8m2!3d30.3918472!4d55.9996391!16s%2Fg%2F11c6yh635n!19sChIJz3sYVBT3AD8R74ggN1_PGqA?authuser=0&hl=en&rclk=1,No Rating,No Reviews
Mazzeh Sandwich,https://www.google.com/maps/place/Mazzeh+Sandwich/data=!4m7!3m6!1s0x3f00f7dec4d994f7:0x19627ded919ae3b5!8m2!3d30.4104764!4d56.0039814!16s%2Fg%2F11h_wmrz9b!19sChIJ95TZxN73AD8RteOake19Yhk?authuser=0&hl=en&rclk=1,No Rating,No Reviews
کول کاپ,https://www.google.com/maps/place/%DA%A9%D9%88%D9%84+%DA%A9%D8%A7%D9%BE%E2%80%AD/data=!4m7!3m6!1s0x3f00f7d29505beaf:0x4dca96cb8282dfb!8m2!3d30.3978271!4d55.9892171!16s%2Fg%2F11ryfq0xg1!19sChIJr74FldL3AD8R-y0ouGyp3AQ?authuser=0&hl=en&rclk=1,No Rating,No Reviews
Madar Restaurant,https://www.google.com/maps/place/Madar+Restaurant/data=!4m7!3m6!1s0x3f00f7369b0ebaf7:0xf4612019bb0df417!8m2!3d30.4093195!4d55.9990676!16s%2Fg%2F11g8ykfkjg!19sChIJ97oOmzb3AD8RF_QNuxkgYfQ?authuser=0&hl=en&rclk=1,No Rating,No Reviews
رستوران اردیبهشت,https://www.google.com/maps/place/%D8%B1%D8%B3%D8%AA%D9%88%D8%B1%D8%A7%D9%86+%D8%A7%D8%B1%D8%AF%DB%8C%D8%A8%D9%87%D8%B4%D8%AA%E2%80%AD/data=!4m7!3m6!1s0x3f00f7001615575d:0xe8d2d57b2291659c!8m2!3d30.4083946!4d55.9935164!16s%2Fg%2F11ldkvz9z8!19sChIJXVcVFgD3AD8RnGWRInvV0ug?authuser=0&hl=en&rclk=1,No Rating,No Reviews
قهوه,https://www.google.com/maps/place/%D9%82%D9%87%D9%88%D9%87%E2%80%AD/data=!4m7!3m6!1s0x3f00f7895377510d:0xd4c6ea1ff96c2065!8m2!3d30.3918739!4d55.9757288!16s%2Fg%2F11q46l_lhf!19sChIJDVF3U4n3AD8RZSBs-R_qxtQ?authuser=0&hl=en&rclk=1,No Rating,No Reviews
فست فود هانی,https://www.google.com/maps/place/%D9%81%D8%B3%D8%AA+%D9%81%D9%88%D8%AF+%D9%87%D8%A7%D9%86%DB%8C%E2%80%AD/data=!4m7!3m6!1s0x3f00f72723c2dbd3:0x38c487a58735ccf1!8m2!3d30.3994823!4d55.9798053!16s%2Fg%2F11t42mfvgr!19sChIJ09vCIyf3AD8R8cw1h6WHxDg?authuser=0&hl=en&rclk=1,No Rating,No Reviews
جعبه سوخاری,https://www.google.com/maps/place/%D8%AC%D8%B9%D8%A8%D9%87+%D8%B3%D9%88%D8%AE%D8%A7%D8%B1%DB%8C%E2%80%AD/data=!4m7!3m6!1s0x3f00f723b591b91b:0x58d14b929664231a!8m2!3d30.3981345!4d55.9914143!16s%2Fg%2F11swy6d64j!19sChIJG7mRtSP3AD8RGiNklpJL0Vg?authuser=0&hl=en&rclk=1,No Rating,No Reviews
کافه صبحانه پارسا,https://www.google.com/maps/place/%DA%A9%D8%A7%D9%81%D9%87+%D8%B5%D8%A8%D8%AD%D8%A7%D9%86%D9%87+%D9%BE%D8%A7%D8%B1%D8%B3%D8%A7%E2%80%AD/data=!4m7!3m6!1s0x3f00f70051441119:0xa2fadd805e7faa58!8m2!3d30.3993223!4d55.9906093!16s%2Fg%2F11wtx202v5!19sChIJGRFEUQD3AD8RWKp_XoDd-qI?authuser=0&hl=en&rclk=1,No Rating,No Reviews
یوتاب فست فود,https://www.google.com/maps/place/%DB%8C%D9%88%D8%AA%D8%A7%D8%A8+%D9%81%D8%B3%D8%AA+%D9%81%D9%88%D8%AF%E2%80%AD/data=!4m7!3m6!1s0x3f00f7001e94c897:0x2c43e159da9f1705!8m2!3d30.3927874!4d55.9696046!16s%2Fg%2F11wbfgkmrc!19sChIJl8iUHgD3AD8RBRef2lnhQyw?authuser=0&hl=en&rclk=1,No Rating,No Reviews
فست فود بهارستان,https://www.google.com/maps/place/%D9%81%D8%B3%D8%AA+%D9%81%D9%88%D8%AF+%D8%A8%D9%87%D8%A7%D8%B1%D8%B3%D8%AA%D8%A7%D9%86%E2%80%AD/data=!4m7!3m6!1s0x3f00f71be850c407:0x667041a2bfe0ead1!8m2!3d30.3548893!4d56.002705!16s%2Fg%2F11h2gwbc10!19sChIJB8RQ6Bv3AD8R0ergv6JBcGY?authuser=0&hl=en&rclk=1,No Rating,No Reviews
باغ شیرینی روشان,https://www.google.com/maps/place/%D8%A8%D8%A7%D8%BA+%D8%B4%DB%8C%D8%B1%DB%8C%D9%86%DB%8C+%D8%B1%D9%88%D8%B4%D8%A7%D9%86%E2%80%AD/data=!4m7!3m6!1s0x3f00f1005e2d49ad:0x46ea68b6ca01866!8m2!3d30.4108986!4d55.9791462!16s%2Fg%2F11y3d1mxwz!19sChIJrUktXgDxAD8RZhigbIumbgQ?authuser=0&hl=en&rclk=1,No Rating,No Reviews
مرخ سوخاری کنج,https://www.google.com/maps/place/%D9%85%D8%B1%D8%AE+%D8%B3%D9%88%D8%AE%D8%A7%D8%B1%DB%8C+%DA%A9%D9%86%D8%AC%E2%80%AD/data=!4m7!3m6!1s0x3f00f700085b1a1f:0xf36df22b8d4e2d7a!8m2!3d30.4009974!4d55.9894781!16s%2Fg%2F11w3nz0pbd!19sChIJHxpbCAD3AD8Rei1OjSvybfM?authuser=0&hl=en&rclk=1,No Rating,No Reviews
رستوران سرآشپز رفسنجان,https://www.google.com/maps/place/%D8%B1%D8%B3%D8%AA%D9%88%D8%B1%D8%A7%D9%86+%D8%B3%D8%B1%D8%A2%D8%B4%D9%BE%D8%B2+%D8%B1%D9%81%D8%B3%D9%86%D8%AC%D8%A7%D9%86%E2%80%AD/data=!4m7!3m6!1s0x3f00f7000e4ebecb:0x3adf3e6ead0ca1f2!8m2!3d30.4105261!4d55.9925644!16s%2Fg%2F11vr56k1vl!19sChIJy75ODgD3AD8R8qEMrW4-3zo?authuser=0&hl=en&rclk=1,No Rating,No Reviews
